{
  "name": "6519",
  "dataset": "BABEL_streamed",
  "stream_mode": "stream_generate_step",
  "num_runs": 1,
  "segment_names": [
    "6519_3",
    "6519_4"
  ],
  "T": 265,
  "masked_ratio": 1.0,
  "ade": 1.324561237839033,
  "mse": 2.216236042526533,
  "fde": 2.0629799365997314,
  "path_arc_ade": 1.3471348285675049,
  "path_chamfer": 0.6771225929260254,
  "seg_mse": [
    0.031196022033691408,
    0.1403355360031128,
    0.6430423736572266,
    0.9028178215026855,
    0.48192973136901857,
    0.8526849746704102,
    2.5590593338012697,
    3.8384639739990236,
    4.808750915527344,
    3.553517150878906,
    2.6965167999267576,
    3.7067832946777344,
    4.086598205566406,
    4.253724670410156
  ],
  "traj_jitter": 2.4567223590565845e-05,
  "prefix_mse": [
    0.031196022033691408,
    0.0857657790184021,
    0.2715246518452962,
    0.42934794425964357,
    0.43986427307128906,
    0.508667786916097,
    0.8015808650425502,
    1.1811911582946777,
    1.584253438313802,
    1.7811798095703124,
    1.86439208984375,
    2.01792475382487,
    2.1770535982572117
  ],
  "control_T": 265,
  "control_masked_ratio": 1.0,
  "control_l2_dist": 1.3254376649856567,
  "traj_fail_20cm": 1.0,
  "traj_fail_50cm": 1.0,
  "kps_fail_20cm": 0.9584905660377359,
  "kps_fail_50cm": 0.8603773584905661,
  "kps_mean_err_m": 1.3254376649856567,
  "skating_ratio": 0.25,
  "stream_root_jump_mean": 0.030498202353941673,
  "stream_root_jump_max": 0.061697278171777725,
  "stream_joint_jump_mean": 0.04036685944337285,
  "stream_num_boundaries": 66.0,
  "_traj_runs": [
    {
      "T": 265,
      "masked_ratio": 1.0,
      "ade": 1.324561237839033,
      "mse": 2.216236042526533,
      "fde": 2.0629799365997314,
      "path_arc_ade": 1.3471348285675049,
      "path_chamfer": 0.6771225929260254,
      "seg_mse": [
        0.031196022033691408,
        0.1403355360031128,
        0.6430423736572266,
        0.9028178215026855,
        0.48192973136901857,
        0.8526849746704102,
        2.5590593338012697,
        3.8384639739990236,
        4.808750915527344,
        3.553517150878906,
        2.6965167999267576,
        3.7067832946777344,
        4.086598205566406,
        4.253724670410156
      ],
      "traj_jitter": 2.4567223590565845e-05,
      "prefix_mse": [
        0.031196022033691408,
        0.0857657790184021,
        0.2715246518452962,
        0.42934794425964357,
        0.43986427307128906,
        0.508667786916097,
        0.8015808650425502,
        1.1811911582946777,
        1.584253438313802,
        1.7811798095703124,
        1.86439208984375,
        2.01792475382487,
        2.1770535982572117
      ]
    }
  ],
  "_control_runs": [
    {
      "control_T": 265,
      "control_masked_ratio": 1.0,
      "control_l2_dist": 1.3254376649856567,
      "traj_fail_20cm": 1.0,
      "traj_fail_50cm": 1.0,
      "kps_fail_20cm": 0.9584905660377359,
      "kps_fail_50cm": 0.8603773584905661,
      "kps_mean_err_m": 1.3254376649856567,
      "skating_ratio": 0.25
    }
  ],
  "_stream_runs": [
    {
      "stream_root_jump_mean": 0.030498202353941673,
      "stream_root_jump_max": 0.061697278171777725,
      "stream_joint_jump_mean": 0.04036685944337285,
      "stream_num_boundaries": 66
    }
  ]
}