{
  "name": "919",
  "dataset": "BABEL_streamed",
  "stream_mode": "stream_generate_step",
  "num_runs": 1,
  "segment_names": [
    "919_1",
    "919_3"
  ],
  "T": 164,
  "masked_ratio": 1.0,
  "ade": 1.5056019294552687,
  "mse": 2.582875693716654,
  "fde": 1.0835591554641724,
  "path_arc_ade": 0.8572975993156433,
  "path_chamfer": 0.2939845323562622,
  "seg_mse": [
    0.08115595579147339,
    1.159498405456543,
    2.9359905242919924,
    2.8886667251586915,
    3.542005920410156,
    3.7662044525146485,
    3.6198490142822264,
    2.9014326095581056,
    1.42388916015625
  ],
  "traj_jitter": 1.3457435670716222e-05,
  "prefix_mse": [
    0.08115595579147339,
    0.6203271865844726,
    1.3922149658203125,
    1.7663278579711914,
    2.1214634704589845,
    2.3955869038899738,
    2.570481654575893,
    2.611850357055664
  ],
  "control_T": 164,
  "control_masked_ratio": 1.0,
  "control_l2_dist": 1.5080598592758179,
  "traj_fail_20cm": 1.0,
  "traj_fail_50cm": 1.0,
  "kps_fail_20cm": 0.9512195121951219,
  "kps_fail_50cm": 0.8841463414634146,
  "kps_mean_err_m": 1.5080598592758179,
  "skating_ratio": 0.09815950920245399,
  "stream_root_jump_mean": 0.015304459306473912,
  "stream_root_jump_max": 0.0465422198176384,
  "stream_joint_jump_mean": 0.022396961317920103,
  "stream_num_boundaries": 41.0,
  "_traj_runs": [
    {
      "T": 164,
      "masked_ratio": 1.0,
      "ade": 1.5056019294552687,
      "mse": 2.582875693716654,
      "fde": 1.0835591554641724,
      "path_arc_ade": 0.8572975993156433,
      "path_chamfer": 0.2939845323562622,
      "seg_mse": [
        0.08115595579147339,
        1.159498405456543,
        2.9359905242919924,
        2.8886667251586915,
        3.542005920410156,
        3.7662044525146485,
        3.6198490142822264,
        2.9014326095581056,
        1.42388916015625
      ],
      "traj_jitter": 1.3457435670716222e-05,
      "prefix_mse": [
        0.08115595579147339,
        0.6203271865844726,
        1.3922149658203125,
        1.7663278579711914,
        2.1214634704589845,
        2.3955869038899738,
        2.570481654575893,
        2.611850357055664
      ]
    }
  ],
  "_control_runs": [
    {
      "control_T": 164,
      "control_masked_ratio": 1.0,
      "control_l2_dist": 1.5080598592758179,
      "traj_fail_20cm": 1.0,
      "traj_fail_50cm": 1.0,
      "kps_fail_20cm": 0.9512195121951219,
      "kps_fail_50cm": 0.8841463414634146,
      "kps_mean_err_m": 1.5080598592758179,
      "skating_ratio": 0.09815950920245399
    }
  ],
  "_stream_runs": [
    {
      "stream_root_jump_mean": 0.015304459306473912,
      "stream_root_jump_max": 0.0465422198176384,
      "stream_joint_jump_mean": 0.022396961317920103,
      "stream_num_boundaries": 41
    }
  ]
}