{
  "name": "9797",
  "dataset": "BABEL_streamed",
  "stream_mode": "stream_generate_step",
  "num_runs": 1,
  "segment_names": [
    "9797_1",
    "9797_2",
    "9797_3"
  ],
  "T": 133,
  "masked_ratio": 1.0,
  "ade": 1.2990901631520206,
  "mse": 2.220712303218985,
  "fde": 2.1808578968048096,
  "path_arc_ade": 1.1632839441299438,
  "path_chamfer": 0.49114176630973816,
  "seg_mse": [
    0.009010905027389526,
    0.6190160751342774,
    1.3454444885253907,
    1.8720590591430664,
    2.6689279556274412,
    4.912091064453125,
    5.14029048039363
  ],
  "traj_jitter": 1.846629129431676e-05,
  "prefix_mse": [
    0.009010905027389526,
    0.3140134811401367,
    0.6578238169352214,
    0.9613827705383301,
    1.3028916931152343,
    1.904425048828125
  ],
  "control_T": 133,
  "control_masked_ratio": 1.0,
  "control_l2_dist": 1.3005651235580444,
  "traj_fail_20cm": 1.0,
  "traj_fail_50cm": 1.0,
  "kps_fail_20cm": 0.8646616541353384,
  "kps_fail_50cm": 0.8120300751879699,
  "kps_mean_err_m": 1.3005651235580444,
  "skating_ratio": 0.12121212121212122,
  "stream_root_jump_mean": 0.0218355906016024,
  "stream_root_jump_max": 0.06744573265314102,
  "stream_joint_jump_mean": 0.03242356777473381,
  "stream_num_boundaries": 33.0,
  "_traj_runs": [
    {
      "T": 133,
      "masked_ratio": 1.0,
      "ade": 1.2990901631520206,
      "mse": 2.220712303218985,
      "fde": 2.1808578968048096,
      "path_arc_ade": 1.1632839441299438,
      "path_chamfer": 0.49114176630973816,
      "seg_mse": [
        0.009010905027389526,
        0.6190160751342774,
        1.3454444885253907,
        1.8720590591430664,
        2.6689279556274412,
        4.912091064453125,
        5.14029048039363
      ],
      "traj_jitter": 1.846629129431676e-05,
      "prefix_mse": [
        0.009010905027389526,
        0.3140134811401367,
        0.6578238169352214,
        0.9613827705383301,
        1.3028916931152343,
        1.904425048828125
      ]
    }
  ],
  "_control_runs": [
    {
      "control_T": 133,
      "control_masked_ratio": 1.0,
      "control_l2_dist": 1.3005651235580444,
      "traj_fail_20cm": 1.0,
      "traj_fail_50cm": 1.0,
      "kps_fail_20cm": 0.8646616541353384,
      "kps_fail_50cm": 0.8120300751879699,
      "kps_mean_err_m": 1.3005651235580444,
      "skating_ratio": 0.12121212121212122
    }
  ],
  "_stream_runs": [
    {
      "stream_root_jump_mean": 0.0218355906016024,
      "stream_root_jump_max": 0.06744573265314102,
      "stream_joint_jump_mean": 0.03242356777473381,
      "stream_num_boundaries": 33
    }
  ]
}