{
  "probe_tag": "babel_stream",
  "ckpt": "/home/yuankai/Text2Motion/FloodNet/outputs/20251107_021814_ldf_stream/step_step=240000.ckpt",
  "vae_ckpt": "outputs/vae_1d_z4_step=300000.ckpt",
  "stream_mode": "stream_generate_step",
  "num_samples": 4,
  "num_runs": 1,
  "summary": {
    "traj/ADE_mean": 1.1486014931542368,
    "traj/ADE_std": 0.3877889315811142,
    "traj/FDE_mean": 1.5895621478557587,
    "traj/FDE_std": 0.5383219706857697,
    "traj/MSE_mean": 1.8347395118219543,
    "traj/MSE_std": 0.840468749108552,
    "traj/n_samples": 4,
    "traj/seg_mse_per_slot": [
      0.0299564141780138,
      0.5663321197032929,
      1.4557174939375657,
      1.870050843556722,
      2.1752958138783773,
      3.125230725606283,
      3.7411387859246674,
      3.352964973449707,
      3.1753397226333617,
      3.553517150878906,
      2.6965167999267576,
      3.7067832946777344,
      4.086598205566406,
      4.253724670410156
    ],
    "traj/prefix_mse_per_slot": [
      0.0299564141780138,
      0.2981442540884018,
      0.7596098899841309,
      1.0372201442718507,
      1.2648352305094401,
      1.5749012523227266,
      1.6431997299194334,
      1.8569203853607177,
      1.584253438313802,
      1.7811798095703124,
      1.86439208984375,
      2.01792475382487,
      2.1770535982572117
    ],
    "traj/jitter_mean": 2.3454071197193116e-05,
    "traj/jitter_std": 1.0491300073686488e-05,
    "path/arc_ADE_mean": 0.9653243646025658,
    "path/arc_ADE_std": 0.32900841755527466,
    "path/chamfer_mean": 0.4138888269662857,
    "path/chamfer_std": 0.18919920203479748,
    "control/Control_L2_dist_mean": 1.1575094759464264,
    "control/Control_L2_dist_std": 0.0,
    "control/Control_L2_dist_conf_interval": 0.0,
    "control/Control_L2_dist_num_runs": 1,
    "control/Skating_Ratio_mean": 0.15232403077495102,
    "control/Skating_Ratio_std": 0.0,
    "control/Skating_Ratio_conf_interval": 0.0,
    "control/Skating_Ratio_num_runs": 1,
    "control/traj_fail_20cm_mean": 1.0,
    "control/traj_fail_20cm_std": 0.0,
    "control/traj_fail_20cm_conf_interval": 0.0,
    "control/traj_fail_20cm_num_runs": 1,
    "control/traj_fail_50cm_mean": 1.0,
    "control/traj_fail_50cm_std": 0.0,
    "control/traj_fail_50cm_conf_interval": 0.0,
    "control/traj_fail_50cm_num_runs": 1,
    "control/kps_fail_20cm_mean": 0.8430119390745616,
    "control/kps_fail_20cm_std": 0.0,
    "control/kps_fail_20cm_conf_interval": 0.0,
    "control/kps_fail_20cm_num_runs": 1,
    "control/kps_fail_50cm_mean": 0.7555385818434719,
    "control/kps_fail_50cm_std": 0.0,
    "control/kps_fail_50cm_conf_interval": 0.0,
    "control/kps_fail_50cm_num_runs": 1,
    "control/kps_mean_err_m_mean": 1.1575094759464264,
    "control/kps_mean_err_m_std": 0.0,
    "control/kps_mean_err_m_conf_interval": 0.0,
    "control/kps_mean_err_m_num_runs": 1,
    "stream_boundary/root_jump_mean": 0.03126769151146703,
    "stream_boundary/root_jump_std": 0.01643139155315411,
    "stream_boundary/root_jump_max_mean": 0.06396541651338339,
    "stream_boundary/root_jump_max_std": 0.011173898334155634,
    "stream_boundary/joint_jump_mean": 0.041434633942418156,
    "stream_boundary/joint_jump_std": 0.018539173008935768,
    "stream_boundary/n_boundaries_mean": 38.25,
    "stream_boundary/n_boundaries_std": 18.9917745353087
  },
  "samples": [
    {
      "name": "11364",
      "dataset": "BABEL_streamed",
      "stream_mode": "stream_generate_step",
      "num_runs": 1,
      "segment_names": [
        "11364_1"
      ],
      "T": 53,
      "masked_ratio": 1.0,
      "ade": 0.48807050596992924,
      "mse": 0.3935239539956147,
      "fde": 0.960769772529602,
      "path_arc_ade": 0.4754990041255951,
      "path_chamfer": 0.17307734489440918,
      "seg_mse": [
        0.006828798353672028,
        0.4255727767944336,
        0.9391339375422552
      ],
      "traj_jitter": 3.9650523831369355e-05,
      "prefix_mse": [
        0.006828798353672028,
        0.21620078086853028
      ],
      "control_T": 53,
      "control_masked_ratio": 1.0,
      "control_l2_dist": 0.5183085203170776,
      "traj_fail_20cm": 1.0,
      "traj_fail_50cm": 1.0,
      "kps_fail_20cm": 0.6037735849056604,
      "kps_fail_50cm": 0.4716981132075472,
      "kps_mean_err_m": 0.5183085203170776,
      "skating_ratio": 0.11538461538461539,
      "stream_root_jump_mean": 0.05802916119304987,
      "stream_root_jump_max": 0.07887435704469681,
      "stream_joint_jump_mean": 0.07139064285617608,
      "stream_num_boundaries": 13.0,
      "_traj_runs": [
        {
          "T": 53,
          "masked_ratio": 1.0,
          "ade": 0.48807050596992924,
          "mse": 0.3935239539956147,
          "fde": 0.960769772529602,
          "path_arc_ade": 0.4754990041255951,
          "path_chamfer": 0.17307734489440918,
          "seg_mse": [
            0.006828798353672028,
            0.4255727767944336,
            0.9391339375422552
          ],
          "traj_jitter": 3.9650523831369355e-05,
          "prefix_mse": [
            0.006828798353672028,
            0.21620078086853028
          ]
        }
      ],
      "_control_runs": [
        {
          "control_T": 53,
          "control_masked_ratio": 1.0,
          "control_l2_dist": 0.5183085203170776,
          "traj_fail_20cm": 1.0,
          "traj_fail_50cm": 1.0,
          "kps_fail_20cm": 0.6037735849056604,
          "kps_fail_50cm": 0.4716981132075472,
          "kps_mean_err_m": 0.5183085203170776,
          "skating_ratio": 0.11538461538461539
        }
      ],
      "_stream_runs": [
        {
          "stream_root_jump_mean": 0.05802916119304987,
          "stream_root_jump_max": 0.07887435704469681,
          "stream_joint_jump_mean": 0.07139064285617608,
          "stream_num_boundaries": 13
        }
      ]
    },
    {
      "name": "9797",
      "dataset": "BABEL_streamed",
      "stream_mode": "stream_generate_step",
      "num_runs": 1,
      "segment_names": [
        "9797_1",
        "9797_2",
        "9797_3"
      ],
      "T": 133,
      "masked_ratio": 1.0,
      "ade": 1.2990901631520206,
      "mse": 2.220712303218985,
      "fde": 2.1808578968048096,
      "path_arc_ade": 1.1632839441299438,
      "path_chamfer": 0.49114176630973816,
      "seg_mse": [
        0.009010905027389526,
        0.6190160751342774,
        1.3454444885253907,
        1.8720590591430664,
        2.6689279556274412,
        4.912091064453125,
        5.14029048039363
      ],
      "traj_jitter": 1.846629129431676e-05,
      "prefix_mse": [
        0.009010905027389526,
        0.3140134811401367,
        0.6578238169352214,
        0.9613827705383301,
        1.3028916931152343,
        1.904425048828125
      ],
      "control_T": 133,
      "control_masked_ratio": 1.0,
      "control_l2_dist": 1.3005651235580444,
      "traj_fail_20cm": 1.0,
      "traj_fail_50cm": 1.0,
      "kps_fail_20cm": 0.8646616541353384,
      "kps_fail_50cm": 0.8120300751879699,
      "kps_mean_err_m": 1.3005651235580444,
      "skating_ratio": 0.12121212121212122,
      "stream_root_jump_mean": 0.0218355906016024,
      "stream_root_jump_max": 0.06744573265314102,
      "stream_joint_jump_mean": 0.03242356777473381,
      "stream_num_boundaries": 33.0,
      "_traj_runs": [
        {
          "T": 133,
          "masked_ratio": 1.0,
          "ade": 1.2990901631520206,
          "mse": 2.220712303218985,
          "fde": 2.1808578968048096,
          "path_arc_ade": 1.1632839441299438,
          "path_chamfer": 0.49114176630973816,
          "seg_mse": [
            0.009010905027389526,
            0.6190160751342774,
            1.3454444885253907,
            1.8720590591430664,
            2.6689279556274412,
            4.912091064453125,
            5.14029048039363
          ],
          "traj_jitter": 1.846629129431676e-05,