{
  "name": "9797_2",
  "dataset": "BABEL_streamed",
  "stream_mode": "stream_generate",
  "num_runs": 1,
  "T": 53,
  "masked_ratio": 1.0,
  "ade": 0.3484255952655144,
  "mse": 0.19661935770286704,
  "fde": 0.773590087890625,
  "path_arc_ade": 0.3574151396751404,
  "path_chamfer": 0.13326212763786316,
  "seg_mse": [
    0.018354904651641846,
    0.14866722822189332,
    0.5446447959313025
  ],
  "traj_jitter": 4.5977543777553365e-05,
  "prefix_mse": [
    0.018354904651641846,
    0.08351106643676758
  ],
  "control_T": 53,
  "control_masked_ratio": 1.0,
  "control_l2_dist": 0.35186704993247986,
  "traj_fail_20cm": 1.0,
  "traj_fail_50cm": 1.0,
  "kps_fail_20cm": 0.4528301886792453,
  "kps_fail_50cm": 0.33962264150943394,
  "kps_mean_err_m": 0.35186704993247986,
  "skating_ratio": 0.19230769230769232,
  "stream_root_jump_mean": 0.032864321453066975,
  "stream_root_jump_max": 0.05940583720803261,
  "stream_joint_jump_mean": 0.04739820727935204,
  "stream_num_boundaries": 13.0,
  "_traj_runs": [
    {
      "T": 53,
      "masked_ratio": 1.0,
      "ade": 0.3484255952655144,
      "mse": 0.19661935770286704,
      "fde": 0.773590087890625,
      "path_arc_ade": 0.3574151396751404,
      "path_chamfer": 0.13326212763786316,
      "seg_mse": [
        0.018354904651641846,
        0.14866722822189332,
        0.5446447959313025
      ],
      "traj_jitter": 4.5977543777553365e-05,
      "prefix_mse": [
        0.018354904651641846,
        0.08351106643676758
      ]
    }
  ],
  "_control_runs": [
    {
      "control_T": 53,
      "control_masked_ratio": 1.0,
      "control_l2_dist": 0.35186704993247986,
      "traj_fail_20cm": 1.0,
      "traj_fail_50cm": 1.0,
      "kps_fail_20cm": 0.4528301886792453,
      "kps_fail_50cm": 0.33962264150943394,
      "kps_mean_err_m": 0.35186704993247986,
      "skating_ratio": 0.19230769230769232
    }
  ],
  "_stream_runs": [
    {
      "stream_root_jump_mean": 0.032864321453066975,
      "stream_root_jump_max": 0.05940583720803261,
      "stream_joint_jump_mean": 0.04739820727935204,
      "stream_num_boundaries": 13
    }
  ]
}