{
  "name": "9797_3",
  "dataset": "BABEL_streamed",
  "stream_mode": "stream_generate",
  "num_runs": 1,
  "T": 45,
  "masked_ratio": 1.0,
  "ade": 0.22503204345703126,
  "mse": 0.06281446350945366,
  "fde": 0.4478060305118561,
  "path_arc_ade": 0.2845267355442047,
  "path_chamfer": 0.17338377237319946,
  "seg_mse": [
    0.04694688618183136,
    0.0535112202167511,
    0.16349776983261108
  ],
  "traj_jitter": 5.210013478063047e-05,
  "prefix_mse": [
    0.04694688618183136,
    0.05022904872894287
  ],
  "control_T": 45,
  "control_masked_ratio": 1.0,
  "control_l2_dist": 0.23330767452716827,
  "traj_fail_20cm": 1.0,
  "traj_fail_50cm": 0.0,
  "kps_fail_20cm": 0.6666666666666666,
  "kps_fail_50cm": 0.0,
  "kps_mean_err_m": 0.23330767452716827,
  "skating_ratio": 0.20454545454545456,
  "stream_root_jump_mean": 0.045648743991147385,
  "stream_root_jump_max": 0.08165529370307922,
  "stream_joint_jump_mean": 0.056997755373066124,
  "stream_num_boundaries": 11.0,
  "_traj_runs": [
    {
      "T": 45,
      "masked_ratio": 1.0,
      "ade": 0.22503204345703126,
      "mse": 0.06281446350945366,
      "fde": 0.4478060305118561,
      "path_arc_ade": 0.2845267355442047,
      "path_chamfer": 0.17338377237319946,
      "seg_mse": [
        0.04694688618183136,
        0.0535112202167511,
        0.16349776983261108
      ],
      "traj_jitter": 5.210013478063047e-05,
      "prefix_mse": [
        0.04694688618183136,
        0.05022904872894287
      ]
    }
  ],
  "_control_runs": [
    {
      "control_T": 45,
      "control_masked_ratio": 1.0,
      "control_l2_dist": 0.23330767452716827,
      "traj_fail_20cm": 1.0,
      "traj_fail_50cm": 0.0,
      "kps_fail_20cm": 0.6666666666666666,
      "kps_fail_50cm": 0.0,
      "kps_mean_err_m": 0.23330767452716827,
      "skating_ratio": 0.20454545454545456
    }
  ],
  "_stream_runs": [
    {
      "stream_root_jump_mean": 0.045648743991147385,
      "stream_root_jump_max": 0.08165529370307922,
      "stream_joint_jump_mean": 0.056997755373066124,
      "stream_num_boundaries": 11
    }
  ]
}