{
  "name": "6519_4",
  "dataset": "BABEL_streamed",
  "stream_mode": "stream_generate",
  "num_runs": 1,
  "T": 145,
  "masked_ratio": 1.0,
  "ade": 2.226847471039871,
  "mse": 6.018056303879311,
  "fde": 3.240797996520996,
  "path_arc_ade": 1.7423787117004395,
  "path_chamfer": 0.8697148561477661,
  "seg_mse": [
    0.16046227216720582,
    1.4284286499023438,
    3.808576202392578,
    6.673575592041016,
    9.329682922363281,
    9.819267272949219,
    9.821928405761719,
    10.355931091308594
  ],
  "traj_jitter": 2.1247762560960837e-05,
  "prefix_mse": [
    0.16046227216720582,
    0.7944455146789551,
    1.7991556803385416,
    3.01776065826416,
    4.280144958496094,
    5.203332010904948,
    5.863131713867188
  ],
  "control_T": 145,
  "control_masked_ratio": 1.0,
  "control_l2_dist": 2.227386236190796,
  "traj_fail_20cm": 1.0,
  "traj_fail_50cm": 1.0,
  "kps_fail_20cm": 0.9586206896551724,
  "kps_fail_50cm": 0.903448275862069,
  "kps_mean_err_m": 2.227386236190796,
  "skating_ratio": 0.09722222222222222,
  "stream_root_jump_mean": 0.026931849101351366,
  "stream_root_jump_max": 0.056173328310251236,
  "stream_joint_jump_mean": 0.04269506104497446,
  "stream_num_boundaries": 36.0,
  "_traj_runs": [
    {
      "T": 145,
      "masked_ratio": 1.0,
      "ade": 2.226847471039871,
      "mse": 6.018056303879311,
      "fde": 3.240797996520996,
      "path_arc_ade": 1.7423787117004395,
      "path_chamfer": 0.8697148561477661,
      "seg_mse": [
        0.16046227216720582,
        1.4284286499023438,
        3.808576202392578,
        6.673575592041016,
        9.329682922363281,
        9.819267272949219,
        9.821928405761719,
        10.355931091308594
      ],
      "traj_jitter": 2.1247762560960837e-05,
      "prefix_mse": [
        0.16046227216720582,
        0.7944455146789551,
        1.7991556803385416,
        3.01776065826416,
        4.280144958496094,
        5.203332010904948,
        5.863131713867188
      ]
    }
  ],
  "_control_runs": [
    {
      "control_T": 145,
      "control_masked_ratio": 1.0,
      "control_l2_dist": 2.227386236190796,
      "traj_fail_20cm": 1.0,
      "traj_fail_50cm": 1.0,
      "kps_fail_20cm": 0.9586206896551724,
      "kps_fail_50cm": 0.903448275862069,
      "kps_mean_err_m": 2.227386236190796,
      "skating_ratio": 0.09722222222222222
    }
  ],
  "_stream_runs": [
    {
      "stream_root_jump_mean": 0.026931849101351366,
      "stream_root_jump_max": 0.056173328310251236,
      "stream_joint_jump_mean": 0.04269506104497446,
      "stream_num_boundaries": 36
    }
  ]
}