{
  "name": "6519",
  "dataset": "BABEL_streamed",
  "stream_mode": "stream_generate_step",
  "num_runs": 1,
  "segment_names": [
    "6519_3",
    "6519_4"
  ],
  "T": 265,
  "masked_ratio": 1.0,
  "ade": 1.7040074762308373,
  "mse": 4.147951521963443,
  "fde": 3.259092330932617,
  "path_arc_ade": 1.5387165546417236,
  "path_chamfer": 0.7647072076797485,
  "seg_mse": [
    0.030484429001808165,
    0.1385372757911682,
    0.6399338722229004,
    0.8491147041320801,
    0.34315297603607176,
    0.5923479080200196,
    2.566366195678711,
    5.1824077606201175,
    5.99283447265625,
    6.836666870117187,
    8.641586303710938,
    10.121346282958985,
    10.37987060546875,
    10.582818603515625
  ],
  "traj_jitter": 2.0974675862817094e-05,
  "prefix_mse": [
    0.030484429001808165,
    0.08451085090637207,
    0.2696518580118815,
    0.41451754570007326,
    0.4002446746826172,
    0.43226184844970705,
    0.7371339525495256,
    1.2927932739257812,
    1.8150200737847222,
    2.3171847534179686,
    2.8921303488991477,
    3.4945648193359373,
    4.024203725961539
  ],
  "control_T": 265,
  "control_masked_ratio": 1.0,
  "control_l2_dist": 1.7047208547592163,
  "traj_fail_20cm": 1.0,
  "traj_fail_50cm": 1.0,
  "kps_fail_20cm": 0.9547169811320755,
  "kps_fail_50cm": 0.8113207547169812,
  "kps_mean_err_m": 1.7047208547592163,
  "skating_ratio": 0.25,
  "stream_root_jump_mean": 0.02791183502554442,
  "stream_root_jump_max": 0.06562769412994385,
  "stream_joint_jump_mean": 0.03722874734155608,
  "stream_num_boundaries": 66.0,
  "_traj_runs": [
    {
      "T": 265,
      "masked_ratio": 1.0,
      "ade": 1.7040074762308373,
      "mse": 4.147951521963443,
      "fde": 3.259092330932617,
      "path_arc_ade": 1.5387165546417236,
      "path_chamfer": 0.7647072076797485,
      "seg_mse": [
        0.030484429001808165,
        0.1385372757911682,
        0.6399338722229004,
        0.8491147041320801,
        0.34315297603607176,
        0.5923479080200196,
        2.566366195678711,
        5.1824077606201175,
        5.99283447265625,
        6.836666870117187,
        8.641586303710938,
        10.121346282958985,
        10.37987060546875,
        10.582818603515625
      ],
      "traj_jitter": 2.0974675862817094e-05,
      "prefix_mse": [
        0.030484429001808165,
        0.08451085090637207,
        0.2696518580118815,
        0.41451754570007326,
        0.4002446746826172,
        0.43226184844970705,
        0.7371339525495256,
        1.2927932739257812,
        1.8150200737847222,
        2.3171847534179686,
        2.8921303488991477,
        3.4945648193359373,
        4.024203725961539
      ]
    }
  ],
  "_control_runs": [
    {
      "control_T": 265,
      "control_masked_ratio": 1.0,
      "control_l2_dist": 1.7047208547592163,
      "traj_fail_20cm": 1.0,
      "traj_fail_50cm": 1.0,
      "kps_fail_20cm": 0.9547169811320755,
      "kps_fail_50cm": 0.8113207547169812,
      "kps_mean_err_m": 1.7047208547592163,
      "skating_ratio": 0.25
    }
  ],
  "_stream_runs": [
    {
      "stream_root_jump_mean": 0.02791183502554442,
      "stream_root_jump_max": 0.06562769412994385,
      "stream_joint_jump_mean": 0.03722874734155608,
      "stream_num_boundaries": 66
    }
  ]
}