{
  "name": "6519_3",
  "dataset": "BABEL_streamed",
  "stream_mode": "stream_generate",
  "num_runs": 1,
  "T": 117,
  "masked_ratio": 1.0,
  "ade": 0.5143165588378906,
  "mse": 0.3223966614812867,
  "fde": 1.0298820734024048,
  "path_arc_ade": 0.5827137231826782,
  "path_chamfer": 0.22938033938407898,
  "seg_mse": [
    0.0499007910490036,
    0.23190369606018066,
    0.6200658798217773,
    0.42075185775756835,
    0.10890390872955322,
    0.5346992717069738
  ],
  "traj_jitter": 4.096313932677731e-05,
  "prefix_mse": [
    0.0499007910490036,
    0.14090224504470825,
    0.30062344868977864,
    0.33065555095672605,
    0.2863051986694336
  ],
  "control_T": 117,
  "control_masked_ratio": 1.0,
  "control_l2_dist": 0.5175887942314148,
  "traj_fail_20cm": 1.0,
  "traj_fail_50cm": 1.0,
  "kps_fail_20cm": 0.9487179487179487,
  "kps_fail_50cm": 0.5128205128205128,
  "kps_mean_err_m": 0.5175887942314148,
  "skating_ratio": 0.25862068965517243,
  "stream_root_jump_mean": 0.03044740468311798,
  "stream_root_jump_max": 0.053671762347221375,
  "stream_joint_jump_mean": 0.038399539309842835,
  "stream_num_boundaries": 29.0,
  "_traj_runs": [
    {
      "T": 117,
      "masked_ratio": 1.0,
      "ade": 0.5143165588378906,
      "mse": 0.3223966614812867,
      "fde": 1.0298820734024048,
      "path_arc_ade": 0.5827137231826782,
      "path_chamfer": 0.22938033938407898,
      "seg_mse": [
        0.0499007910490036,
        0.23190369606018066,
        0.6200658798217773,
        0.42075185775756835,
        0.10890390872955322,
        0.5346992717069738
      ],
      "traj_jitter": 4.096313932677731e-05,
      "prefix_mse": [
        0.0499007910490036,
        0.14090224504470825,
        0.30062344868977864,
        0.33065555095672605,
        0.2863051986694336
      ]
    }
  ],
  "_control_runs": [
    {
      "control_T": 117,
      "control_masked_ratio": 1.0,
      "control_l2_dist": 0.5175887942314148,
      "traj_fail_20cm": 1.0,
      "traj_fail_50cm": 1.0,
      "kps_fail_20cm": 0.9487179487179487,
      "kps_fail_50cm": 0.5128205128205128,
      "kps_mean_err_m": 0.5175887942314148,
      "skating_ratio": 0.25862068965517243
    }
  ],
  "_stream_runs": [
    {
      "stream_root_jump_mean": 0.03044740468311798,
      "stream_root_jump_max": 0.053671762347221375,
      "stream_joint_jump_mean": 0.038399539309842835,
      "stream_num_boundaries": 29
    }
  ]
}