{
  "name": "919",
  "dataset": "BABEL_streamed",
  "stream_mode": "stream_generate_step",
  "num_runs": 1,
  "segment_names": [
    "919_1",
    "919_3"
  ],
  "T": 164,
  "masked_ratio": 1.0,
  "ade": 1.4826840656559641,
  "mse": 2.5084857475466844,
  "fde": 1.1536409854888916,
  "path_arc_ade": 0.8753796815872192,
  "path_chamfer": 0.3142136037349701,
  "seg_mse": [
    0.07278993129730224,
    1.0804040908813477,
    2.8952491760253904,
    2.835275650024414,
    3.375029754638672,
    3.6109161376953125,
    3.5240665435791017,
    2.8674659729003906,
    1.5419285297393799
  ],
  "traj_jitter": 1.1132246072520502e-05,
  "prefix_mse": [
    0.07278993129730224,
    0.5765969753265381,
    1.349481201171875,
    1.7209297180175782,
    2.051749725341797,
    2.3116109212239584,
    2.484818594796317,
    2.532649612426758
  ],
  "control_T": 164,
  "control_masked_ratio": 1.0,
  "control_l2_dist": 1.4857265949249268,
  "traj_fail_20cm": 1.0,
  "traj_fail_50cm": 1.0,
  "kps_fail_20cm": 0.9451219512195121,
  "kps_fail_50cm": 0.8780487804878049,
  "kps_mean_err_m": 1.4857265949249268,
  "skating_ratio": 0.12269938650306748,
  "stream_root_jump_mean": 0.014707811897274152,
  "stream_root_jump_max": 0.047844298183918,
  "stream_joint_jump_mean": 0.021557465695389886,
  "stream_num_boundaries": 41.0,
  "_traj_runs": [
    {
      "T": 164,
      "masked_ratio": 1.0,
      "ade": 1.4826840656559641,
      "mse": 2.5084857475466844,
      "fde": 1.1536409854888916,
      "path_arc_ade": 0.8753796815872192,
      "path_chamfer": 0.3142136037349701,
      "seg_mse": [
        0.07278993129730224,
        1.0804040908813477,
        2.8952491760253904,
        2.835275650024414,
        3.375029754638672,
        3.6109161376953125,
        3.5240665435791017,
        2.8674659729003906,
        1.5419285297393799
      ],
      "traj_jitter": 1.1132246072520502e-05,
      "prefix_mse": [
        0.07278993129730224,
        0.5765969753265381,
        1.349481201171875,
        1.7209297180175782,
        2.051749725341797,
        2.3116109212239584,
        2.484818594796317,
        2.532649612426758
      ]
    }
  ],
  "_control_runs": [
    {
      "control_T": 164,
      "control_masked_ratio": 1.0,
      "control_l2_dist": 1.4857265949249268,
      "traj_fail_20cm": 1.0,
      "traj_fail_50cm": 1.0,
      "kps_fail_20cm": 0.9451219512195121,
      "kps_fail_50cm": 0.8780487804878049,
      "kps_mean_err_m": 1.4857265949249268,
      "skating_ratio": 0.12269938650306748
    }
  ],
  "_stream_runs": [
    {
      "stream_root_jump_mean": 0.014707811897274152,
      "stream_root_jump_max": 0.047844298183918,
      "stream_joint_jump_mean": 0.021557465695389886,
      "stream_num_boundaries": 41
    }
  ]
}