{
  "name": "9797",
  "dataset": "BABEL_streamed",
  "stream_mode": "stream_generate_step",
  "num_runs": 1,
  "segment_names": [
    "9797_1",
    "9797_2",
    "9797_3"
  ],
  "T": 133,
  "masked_ratio": 1.0,
  "ade": 1.279451298534422,
  "mse": 2.127193135426457,
  "fde": 2.0480778217315674,
  "path_arc_ade": 1.0923010110855103,
  "path_chamfer": 0.48202037811279297,
  "seg_mse": [
    0.009024180471897125,
    0.620620584487915,
    1.3517911911010743,
    1.8586315155029296,
    2.814838409423828,
    4.569395065307617,
    4.494667053222656
  ],
  "traj_jitter": 2.0250858142389916e-05,
  "prefix_mse": [
    0.009024180471897125,
    0.3148223638534546,
    0.6604786554972331,
    0.9600168228149414,
    1.3309811401367186,
    1.8707169850667318
  ],
  "control_T": 133,
  "control_masked_ratio": 1.0,
  "control_l2_dist": 1.280782699584961,
  "traj_fail_20cm": 1.0,
  "traj_fail_50cm": 1.0,
  "kps_fail_20cm": 0.8646616541353384,
  "kps_fail_50cm": 0.8120300751879699,
  "kps_mean_err_m": 1.280782699584961,
  "skating_ratio": 0.18181818181818182,
  "stream_root_jump_mean": 0.02327174692023122,
  "stream_root_jump_max": 0.06902284175157547,
  "stream_joint_jump_mean": 0.0327108019370247,
  "stream_num_boundaries": 33.0,
  "_traj_runs": [
    {
      "T": 133,
      "masked_ratio": 1.0,
      "ade": 1.279451298534422,
      "mse": 2.127193135426457,
      "fde": 2.0480778217315674,
      "path_arc_ade": 1.0923010110855103,
      "path_chamfer": 0.48202037811279297,
      "seg_mse": [
        0.009024180471897125,
        0.620620584487915,
        1.3517911911010743,
        1.8586315155029296,
        2.814838409423828,
        4.569395065307617,
        4.494667053222656
      ],
      "traj_jitter": 2.0250858142389916e-05,
      "prefix_mse": [
        0.009024180471897125,
        0.3148223638534546,
        0.6604786554972331,
        0.9600168228149414,
        1.3309811401367186,
        1.8707169850667318
      ]
    }
  ],
  "_control_runs": [
    {
      "control_T": 133,
      "control_masked_ratio": 1.0,
      "control_l2_dist": 1.280782699584961,
      "traj_fail_20cm": 1.0,
      "traj_fail_50cm": 1.0,
      "kps_fail_20cm": 0.8646616541353384,
      "kps_fail_50cm": 0.8120300751879699,
      "kps_mean_err_m": 1.280782699584961,
      "skating_ratio": 0.18181818181818182
    }
  ],
  "_stream_runs": [
    {
      "stream_root_jump_mean": 0.02327174692023122,
      "stream_root_jump_max": 0.06902284175157547,
      "stream_joint_jump_mean": 0.0327108019370247,
      "stream_num_boundaries": 33
    }
  ]
}