{
  "name": "11364",
  "dataset": "BABEL_streamed",
  "stream_mode": "stream_generate_step",
  "num_runs": 1,
  "segment_names": [
    "11364_1"
  ],
  "T": 53,
  "masked_ratio": 1.0,
  "ade": 0.49373518745854217,
  "mse": 0.4038726878616045,
  "fde": 0.976375162601471,
  "path_arc_ade": 0.483167439699173,
  "path_chamfer": 0.17427963018417358,
  "seg_mse": [
    0.006673893332481385,
    0.43490047454833985,
    0.9672127503615159
  ],
  "traj_jitter": 4.004659058409743e-05,
  "prefix_mse": [
    0.006673893332481385,
    0.2207871913909912
  ],
  "control_T": 53,
  "control_masked_ratio": 1.0,
  "control_l2_dist": 0.5237493515014648,
  "traj_fail_20cm": 1.0,
  "traj_fail_50cm": 1.0,
  "kps_fail_20cm": 0.6037735849056604,
  "kps_fail_50cm": 0.4716981132075472,
  "kps_mean_err_m": 0.5237493515014648,
  "skating_ratio": 0.11538461538461539,
  "stream_root_jump_mean": 0.05832139904109331,
  "stream_root_jump_max": 0.07898171991109848,
  "stream_joint_jump_mean": 0.07170674863916177,
  "stream_num_boundaries": 13.0,
  "_traj_runs": [
    {
      "T": 53,
      "masked_ratio": 1.0,
      "ade": 0.49373518745854217,
      "mse": 0.4038726878616045,
      "fde": 0.976375162601471,
      "path_arc_ade": 0.483167439699173,
      "path_chamfer": 0.17427963018417358,
      "seg_mse": [
        0.006673893332481385,
        0.43490047454833985,
        0.9672127503615159
      ],
      "traj_jitter": 4.004659058409743e-05,
      "prefix_mse": [
        0.006673893332481385,
        0.2207871913909912
      ]
    }
  ],
  "_control_runs": [
    {
      "control_T": 53,
      "control_masked_ratio": 1.0,
      "control_l2_dist": 0.5237493515014648,
      "traj_fail_20cm": 1.0,
      "traj_fail_50cm": 1.0,
      "kps_fail_20cm": 0.6037735849056604,
      "kps_fail_50cm": 0.4716981132075472,
      "kps_mean_err_m": 0.5237493515014648,
      "skating_ratio": 0.11538461538461539
    }
  ],
  "_stream_runs": [
    {
      "stream_root_jump_mean": 0.05832139904109331,
      "stream_root_jump_max": 0.07898171991109848,
      "stream_joint_jump_mean": 0.07170674863916177,
      "stream_num_boundaries": 13
    }
  ]
}