{
  "name": "919_1",
  "dataset": "BABEL_streamed",
  "stream_mode": "stream_generate",
  "num_runs": 1,
  "T": 105,
  "masked_ratio": 1.0,
  "ade": 1.4678926013764881,
  "mse": 2.9626028878348216,
  "fde": 2.4254753589630127,
  "path_arc_ade": 1.029929280281067,
  "path_chamfer": 0.4280944764614105,
  "seg_mse": [
    0.023003089427947997,
    0.5957301139831543,
    2.531904411315918,
    4.993318939208985,
    5.93451042175293,
    5.900790405273438
  ],
  "traj_jitter": 1.1289398571534548e-05,
  "prefix_mse": [
    0.023003089427947997,
    0.3093666315078735,
    1.0502125422159831,
    2.035988998413086,
    2.815693664550781
  ],
  "control_T": 105,
  "control_masked_ratio": 1.0,
  "control_l2_dist": 1.469528317451477,
  "traj_fail_20cm": 1.0,
  "traj_fail_50cm": 1.0,
  "kps_fail_20cm": 0.8476190476190476,
  "kps_fail_50cm": 0.7619047619047619,
  "kps_mean_err_m": 1.469528317451477,
  "skating_ratio": 0.057692307692307696,
  "stream_root_jump_mean": 0.016057404195845056,
  "stream_root_jump_max": 0.0671311542391777,
  "stream_joint_jump_mean": 0.023176038288511336,
  "stream_num_boundaries": 26.0,
  "_traj_runs": [
    {
      "T": 105,
      "masked_ratio": 1.0,
      "ade": 1.4678926013764881,
      "mse": 2.9626028878348216,
      "fde": 2.4254753589630127,
      "path_arc_ade": 1.029929280281067,
      "path_chamfer": 0.4280944764614105,
      "seg_mse": [
        0.023003089427947997,
        0.5957301139831543,
        2.531904411315918,
        4.993318939208985,
        5.93451042175293,
        5.900790405273438
      ],
      "traj_jitter": 1.1289398571534548e-05,
      "prefix_mse": [
        0.023003089427947997,
        0.3093666315078735,
        1.0502125422159831,
        2.035988998413086,
        2.815693664550781
      ]
    }
  ],
  "_control_runs": [
    {
      "control_T": 105,
      "control_masked_ratio": 1.0,
      "control_l2_dist": 1.469528317451477,
      "traj_fail_20cm": 1.0,
      "traj_fail_50cm": 1.0,
      "kps_fail_20cm": 0.8476190476190476,
      "kps_fail_50cm": 0.7619047619047619,
      "kps_mean_err_m": 1.469528317451477,
      "skating_ratio": 0.057692307692307696
    }
  ],
  "_stream_runs": [
    {
      "stream_root_jump_mean": 0.016057404195845056,
      "stream_root_jump_max": 0.0671311542391777,
      "stream_joint_jump_mean": 0.023176038288511336,
      "stream_num_boundaries": 26
    }
  ]
}