{
  "name": "11364",
  "dataset": "BABEL_streamed",
  "stream_mode": "stream_generate_step",
  "num_runs": 1,
  "segment_names": [
    "11364_1"
  ],
  "T": 53,
  "masked_ratio": 1.0,
  "ade": 0.48807050596992924,
  "mse": 0.3935239539956147,
  "fde": 0.960769772529602,
  "path_arc_ade": 0.4754990041255951,
  "path_chamfer": 0.17307734489440918,
  "seg_mse": [
    0.006828798353672028,
    0.4255727767944336,
    0.9391339375422552
  ],
  "traj_jitter": 3.9650523831369355e-05,
  "prefix_mse": [
    0.006828798353672028,
    0.21620078086853028
  ],
  "control_T": 53,
  "control_masked_ratio": 1.0,
  "control_l2_dist": 0.5183085203170776,
  "traj_fail_20cm": 1.0,
  "traj_fail_50cm": 1.0,
  "kps_fail_20cm": 0.6037735849056604,
  "kps_fail_50cm": 0.4716981132075472,
  "kps_mean_err_m": 0.5183085203170776,
  "skating_ratio": 0.11538461538461539,
  "stream_root_jump_mean": 0.05802916119304987,
  "stream_root_jump_max": 0.07887435704469681,
  "stream_joint_jump_mean": 0.07139064285617608,
  "stream_num_boundaries": 13.0,
  "_traj_runs": [
    {
      "T": 53,
      "masked_ratio": 1.0,
      "ade": 0.48807050596992924,
      "mse": 0.3935239539956147,
      "fde": 0.960769772529602,
      "path_arc_ade": 0.4754990041255951,
      "path_chamfer": 0.17307734489440918,
      "seg_mse": [
        0.006828798353672028,
        0.4255727767944336,
        0.9391339375422552
      ],
      "traj_jitter": 3.9650523831369355e-05,
      "prefix_mse": [
        0.006828798353672028,
        0.21620078086853028
      ]
    }
  ],
  "_control_runs": [
    {
      "control_T": 53,
      "control_masked_ratio": 1.0,
      "control_l2_dist": 0.5183085203170776,
      "traj_fail_20cm": 1.0,
      "traj_fail_50cm": 1.0,
      "kps_fail_20cm": 0.6037735849056604,
      "kps_fail_50cm": 0.4716981132075472,
      "kps_mean_err_m": 0.5183085203170776,
      "skating_ratio": 0.11538461538461539
    }
  ],
  "_stream_runs": [
    {
      "stream_root_jump_mean": 0.05802916119304987,
      "stream_root_jump_max": 0.07887435704469681,
      "stream_joint_jump_mean": 0.07139064285617608,
      "stream_num_boundaries": 13
    }
  ]
}